Address,Phone,Hours of operations,Link,Name,Rating,Reviews
"S V Road Andheri West","08291382914","Open 24 Hrs1 Year in Business","https://www.justdial.com/Mumbai/Joshi-Medico-Supermarket-Opp-Shoppers-Stop-Andheri-West/022PXX22-XX22-220901164126-G8M5_BZDET?ncatid=10096237&area=&search=%20Chemists%20in%20Mumbai&mncatname=Chemists&abd_btn=Get%20Best%20Deal&abd_heading=Chemists","Joshi Medico & Supermarket","3 Ratings","4.3",
"Pt. M M Malviya Road Tardeo","08448440991","24 Years in Business","https://www.justdial.com/Mumbai/Apollo-Spectra-Hospitals-Near-Famous-Cine-Labs-Tardeo/022PXX22-XX22-150516134530-Q5Q8_BZDET?ncatid=10096237&area=&search=%20Chemists%20in%20Mumbai&mncatname=Chemists&abd_btn=Get%20Best%20Deal&abd_heading=Chemists","Apollo Spectra Hospitals","2,939 Ratings","4.6",
"New Link Road Andheri West","09867445807","Open until 10:45 pm18 Years in Business","https://www.justdial.com/Mumbai/Asian-Chemists-Near-D-N-Nagar-Opposite-Indian-Oil-Nagar-Andheri-West/022PXX22-XX22-091218153035-P3X7_BZDET?ncatid=10096237&area=&search=%20Chemists%20in%20Mumbai&mncatname=Chemists&abd_btn=Get%20Best%20Deal&abd_heading=Chemists","Asian Chemists","187 Ratings","4.2",
"Shastri Nagar-Andheri West","09833402996","Open until 9:00 pm2 Years in Business","https://www.justdial.com/Mumbai/R-B-R-S-Generic-Medical-Near-Nibus-Tower-Shastri-Nagar-Andheri-West/022PXX22-XX22-211108144139-I1A6_BZDET?ncatid=10096237&area=&search=%20Chemists%20in%20Mumbai&mncatname=Chemists&abd_btn=Get%20Best%20Deal&abd_heading=Chemists","R B R S Generic Medical","7 Ratings","4.4",
"Four Bunglows Andheri West","02226353170","Open until 11:30 pm25 Years in Business","https://www.justdial.com/Mumbai/New-Aradhana-Medical-General-Store-Kokilaben-Dhirubhai-Hospital-Andheri-West/022PXX22-XX22-201213232514-F8R7_BZDET?ncatid=10096237&area=&search=%20Chemists%20in%20Mumbai&mncatname=Chemists&abd_btn=Get%20Best%20Deal&abd_heading=Chemists","New Aradhana Medical & General Store","14 Ratings","4.7",
"Road Bonbon Lane Andheri West","02226322293","Open 24 Hrs39 Years in Business","https://www.justdial.com/Mumbai/Mohan-Medical-Opp-Bon-Bon-Andheri-West/022PXX22-XX22-130728150609-L1C2_BZDET?ncatid=10096237&area=&search=%20Chemists%20in%20Mumbai&mncatname=Chemists&abd_btn=Get%20Best%20Deal&abd_heading=Chemists","Mohan Medical","1,896 Ratings","4.0",
"Lokhandwala Complex-Andheri West","02226371011","Open 24 Hrs14 Years in Business","https://www.justdial.com/Mumbai/Mohan-Medicals-Next-to-Icici-Bank-Lokhandwala-Complex-Andheri-West/022PXX22-XX22-100917090837-X1Y3_BZDET?ncatid=10096237&area=&search=%20Chemists%20in%20Mumbai&mncatname=Chemists&abd_btn=Get%20Best%20Deal&abd_heading=Chemists","Mohan Medicals","977 Ratings","3.9",
"S V Road Vile Parle West","09820776426","Open 24 Hrs51 Years in Business","https://www.justdial.com/Mumbai/New-Empire-Chemists-Opposite-Irla-Petrol-Pump-Vile-Parle-West/022PA002210_BZDET?ncatid=10096237&area=&search=%20Chemists%20in%20Mumbai&mncatname=Chemists&abd_btn=Get%20Best%20Deal&abd_heading=Chemists","New Empire Chemists","927 Ratings","4.2",
"4 Ashok Apartment Khar West","08104113362","Open 24 Hrs14 Years in Business","https://www.justdial.com/Mumbai/Dhanvantri-Medicals-Near-Petit-School-8th-Union-Park-Khar-West/022PXX22-XX22-140517122417-Z8R7_BZDET?ncatid=10096237&area=&search=%20Chemists%20in%20Mumbai&mncatname=Chemists&abd_btn=Get%20Best%20Deal&abd_heading=Chemists","Dhanvantri Medicals","110 Ratings","4.2",
"Murbad Road Ulhasnagar No 1","09594689908","Open 24 Hrs44 Years in Business","https://www.justdial.com/Mumbai/Anand-Medical-Store-Near-Birla-Mandir-Opposite-Century-Rayon-Hospital-Ulhasnagar-No-1/022PXX22-XX22-130426170856-N0S5_BZDET?ncatid=10096237&area=&search=%20Chemists%20in%20Mumbai&mncatname=Chemists&abd_btn=Get%20Best%20Deal&abd_heading=Chemists","Anand Medical Store","17 Ratings","4.1",
"Gulmohar Road Vile Parle West","09820381823","Open until 10:00 pm18 Years in Business","https://www.justdial.com/Mumbai/Amar-Medical-Stores-Near-Cooper-Hospital-Vile-Parle-West/022PXX22-XX22-120416165720-P8F7_BZDET?ncatid=10096237&area=&search=%20Chemists%20in%20Mumbai&mncatname=Chemists&abd_btn=Get%20Best%20Deal&abd_heading=Chemists","Amar Medical Stores","1,668 Ratings","4.1",
"K Bole Road Dadar West","09702556959","Opens at 10:00 am tomorrow25 Years in Business","https://www.justdial.com/Mumbai/Dadar-Pharmacy-Opposite-Jain-Health-Center-Dadar-West/022PJDYPMM9649_BZDET?ncatid=10096237&area=&search=%20Chemists%20in%20Mumbai&mncatname=Chemists&abd_btn=Get%20Best%20Deal&abd_heading=Chemists","Dadar Pharmacy","381 Ratings","4.2",
"Dr D.B Marg Mumbai Central","08976110048","Open 24 Hrs5 Years in Business","https://www.justdial.com/Mumbai/Universal-Pharmacy-Convenience-Near-By-Relicence-Mall-Mumbai-Central/022PXX22-XX22-180602144132-U6Q5_BZDET?ncatid=10096237&area=&search=%20Chemists%20in%20Mumbai&mncatname=Chemists&abd_btn=Get%20Best%20Deal&abd_heading=Chemists","Universal Pharmacy & Convenience","58 Ratings","3.8",
"Sector 12 Kamothe","09987702227","Open until 11:00 pm6 Years in Business","https://www.justdial.com/Mumbai/Shree-Sadguruprasad-Medical-Near-Manmohan-Sweet-Kamothe/022PXX22-XX22-170527114127-Y2N5_BZDET?ncatid=10096237&area=&search=%20Chemists%20in%20Mumbai&mncatname=Chemists&abd_btn=Get%20Best%20Deal&abd_heading=Chemists","Shree Sadguruprasad Medical","34 Ratings","4.5",
"Aarey Road Goregaon East","08591007791","Available until 9:00 pm2 Years in Business","https://www.justdial.com/Mumbai/Arnica-Homoeopathic-Pharmacy-Near-Aarey-Subway-Goregaon-East/022PXX22-XX22-210215151050-S3H8_BZDET?ncatid=10096237&area=&search=%20Chemists%20in%20Mumbai&mncatname=Chemists&abd_btn=Get%20Best%20Deal&abd_heading=Chemists","Arnica Homoeopathic Pharmacy","31 Ratings","4.6",
"Rajabhau Desai Marg Prabhadevi","02224316826","Open until 11:30 pm13 Years in Business","https://www.justdial.com/Mumbai/Shree-Siddhanath-Medical-General-Store-Near-Prabhadevi-Road-MMRDA-Colony-Prabhadevi/022PXX22-XX22-130823133650-M9V5_BZDET?ncatid=10096237&area=&search=%20Chemists%20in%20Mumbai&mncatname=Chemists&abd_btn=Get%20Best%20Deal&abd_heading=Chemists","Shree Siddhanath Medical & General Store","37 Ratings","4.6",
"Maharshi Karve Road Charni Road","02267570111","Open 24 Hrs","https://www.justdial.com/Mumbai/Saifee-Chemist-Opposite-Charni-Road-Railway-Station-Charni-Road/022PXX22-XX22-120430183342-F7G4_BZDET?ncatid=10096237&area=&search=%20Chemists%20in%20Mumbai&mncatname=Chemists&abd_btn=Get%20Best%20Deal&abd_heading=Chemists","Saifee Chemist","1,191 Ratings","4.0",
"Link Road Malad West","08657743088","Open until 12:00 am8 Years in Business","https://www.justdial.com/Mumbai/Lifecure-Pharmacy-Near-Inorbit-Mall-Malad-West/022PXX22-XX22-151107201954-I9T7_BZDET?ncatid=10096237&area=&search=%20Chemists%20in%20Mumbai&mncatname=Chemists&abd_btn=Get%20Best%20Deal&abd_heading=Chemists","Lifecure Pharmacy","74 Ratings","4.4",
"120 Feet Road Kandivali East","07208069967","Open until 11:00 pm11 Years in Business","https://www.justdial.com/Mumbai/Mother-Chemist-Opposite-Dominos-Kandivali-East/022PXX22-XX22-130527160642-J8H6_BZDET?ncatid=10096237&area=&search=%20Chemists%20in%20Mumbai&mncatname=Chemists&abd_btn=Get%20Best%20Deal&abd_heading=Chemists","Mother Chemist","108 Ratings","3.9",
"LBS Marg Ghatkopar West","09029274464","Open 24 Hrs6 Years in Business","https://www.justdial.com/Mumbai/Global-Medical-Near-R-Cit-R-City-Mall-Ghatkopar-West/022PXX22-XX22-180609173528-M2J3_BZDET?ncatid=10096237&area=&search=%20Chemists%20in%20Mumbai&mncatname=Chemists&abd_btn=Get%20Best%20Deal&abd_heading=Chemists","Global Medical","62 Ratings","4.4",
