Title,Address,Numbers
Ace Chemist,Mira Road East Mira Road East,Show Number
Aleisha Medical and General Store,Janta Colony Jogeshwari East,+(91)-7208543211
All Is Well Chemist and Druggist,KAUSA MUMBRA Mumbra,+(91)-9892828919
Anand Medical,Achole Road Nalasopara East,07419896466
Anand Medical & General Stores,Seawoods,+(91)-7777013299
Apollo Pharmacy,Colaba,07419894542
Art'S Healthcare Solutions,Eksar Road Borivali West,+(91)-8425065267
Avishkar Swasst Aushadhi Seva Generic Medicine Store,Secto 7 Kopar Khairane,07419889209
Azmi Unani Store,Mumbra Kausa,07419596316
Balaji Chemist,Khana Naka Panvel,07419862363
Balaji Chemist & Druggist,Goregaon East,07419598412
Bassein Medical,Gass Road Nalasopara West,07419862822
Bhairav Medical & General Store,Pratap Nagar Road Bhandup West,07419627363
Care Medico,Seawoods,+(91)-9892718805
Care and Wellness Medical and Super Store,Kurla Andheri Road Andheri East,07419879861
Dawai House Chemist,Mira Road East,07419893538
Daycare Generic Medicine Store,Panvel Panvel,07419892203
Diplomat Chemist Druggist & General Stores,Worli Naka-Worli,07419896351
Dipti Medical & General Stores,Tagore Nagar-Vikhroli East,07419894177
Dr. Pharma Medical,Off Sv Road Goregaon West,07419889505
Durga Chemist,Konkani Pada Road Malad East,07419598650
Ekdant Medical,Andheri East,07419894882
Faishal Medical & General Store,Mathuradas Road Kandivali West,Show Number
Full Life Medical And General Store,NM Joshi Marg Lower Parel,+(91)-8591440622
GETWELL CHEMIST AND GENERAL STORE,2 Mira Mira Road East,07419894813
Generic Xpress Pharmacy,Airoli,07419866572
Giri Medical Stores,Shop No 2 Kandivali West,Show Number
Global Chemist And Druggist,Kharghar,Show Number
Golden Pharmacy,G B Patharli Road Dombivli East,07419894896
Gr Drug House,Akruti Road Sakinaka,07419897325
Green Dot Pharmacy,Subhash Nagar-andheri East,07419637461
Hamza Medical,Taloja,+(91)-7715000313
Hari Om Chemist,Dargah Road Vasai East,07419894877
Health Forever A Medical And Lifestyle Store,NAGAR STATION Mira Road East,07419866287
Health Green Chemist & Druggist,Bhoomi Park 2 Malad West,07419638106
Health Hub Medical And General Stores,Louis Wadi-Thane West,Show Number
Health Plus Medical,Joshi Ali Panvel,07419897544
Healthcare Medical,Kanakia Mira Road,Show Number
Healthmate Generic Medicine Store,Kharghar,07419894302
Healtizen Medical & Distributor,Airoli,+(91)-9833369861
Here 4 U Pharmacy,Behram Baug-Jogeshwari West,09972365770
I Care Pharma & General Store,Mandir Road Ram Mandir,Show Number
India Chemist & Surgical,Mumbradevi Colony Road Diva,Show Number
Jyotiba Medical & General Stores,Gorai 1-Borivali West,07419896194
Kambaa Medical & General Store,Nalasopara East,07419894432
Kharghar Swast Aushadhi Seva Generic Medicine Store,Kharghar,07419627400
Krishna Medical & General Store,Chembur East,07419894695
Lavender Chemist,Kolshet Road Sandoz Baug,07419866250
Lavender Chemist,Dhokali-Thane West,+(91)-9372588817
Life Forever Chemists & Mart ( Day & Night ),Mira Road East,07419897316
Lifecare Medico,Road Kopar Khairane Sector 15,07419894176
Lyfe Medical & General store,,
Maharashtra Chemist,Link Road Govandi East,07419894115
Maharashtra Medical,S.V.P Nagar Mahada Andheri West,07419893531
Mahavir Medical Store,Kalyan Road Bhiwandi City,07419893775
Matoshree Medical & General Store - Turbhe Stores,Shivshakti Nagar Kalwa Thane,07419879863
Med One Pharma & Wellness,Marg/ Dj Vile Parle West,+(91)-9324437332
Medesist Healthcare,Dahisar,07419579260
Medicentre Medical & General Stores,Hemukalani Road Kandivali West,+(91)-9137315316
Mediworld Pharmacy,Sector 23 Taloja,Show Number
Medtips Medical and General Store,Sector-19 Kharghar,07419862302
Miraroad Genericart Medicine Store,Nayanagar Mira Road East,07419879813
Mumbai Pharmacy,Bhandup East,07419894142
My Generics Chemist,Uttan Bhaji Market Uttan,07419894193
Nasru Pharmacy Generic Medical,Sri Lanka Mumbra,07419893745
Navmit Medical And General Store,Mulund,07419873659
Neelkanth Genericplus Pharma,Kherwadi Road Bandra East,Show Number
New Panvel Generic Medicine Store,Sector-17 Vashi Sector 17,07419866313
Nishtha Medical,Tilak Nagar,07419591481
Noble Medical,Roadpali,Show Number
Noble Medical,ROADPALI,07419889182
Param Medical & General Stores,Global City Virar West,+(91)-9313638662
Perfect Academy D Pharmacy,Rrt Road Mulund West,+(91)-8879504189
Platinum Chemist,Cabin Cross Road Bhayandar East,07419897621
Prachi Chemist,Bhavani Mata Road Andheri West,07419638176
Prachi Medical & General Stores,Tagore Nagar-Vikhroli East,07419597219
Pradhan Mantri Janaushadhi Kendra,Jp Road Andheri West,07419896445
Preeti Medical & General Stores,Achole Road Nalasopara East,07419889487
Raj Medical Stores,Nerul Nerul,07419896675
Raj Medicals,Nerul Nerul,07419591462
S R Pharma,Pashan Road Vangani,+(91)-9833291557
SAINATH CHEMIST,Tulinj Road Nalasopara East,Show Number
Sanjivani generic medical,Belavali Badlapur,07419857352
Savitri Medical & General Stores,L B S Marg Bhandup West,07419591430
Seven Enliven Pharmacy & Convenience Store,Lower Govind Nagar Malad East,07419894798
Shailam Chemist,Ramdev Park Road Mira Road East,07419894636
Sham Medical Store,Y K Nagar Nx Virar West,07419894209
Shivam Medical & General Stores,Jagannath Bhatankar Marg Parel,Show Number
Shree Chemist And Druggist,Joveli,Show Number
Shree Ganesh Medical,Sector 12 Kamothe,07419897269
Shree Tuljabhavani Medical & General Stores,Kandivali East,07419892443
Sky Medical Store,Narayan Mandir Mira Road East,07419857376
The Mumbai Medico,Prarthana Samaj,09972922052
Titwala Janaushadhi,Titwala,+(91)-9082113362
Trident Chemists,Darshan Darbar Marg Nerul,07419894343
Vaishali Generic Medical (Swasta Aushidhi Kendra),Nandivli Road Dombivli East,+(91)-9892388783
Vijay Medical & General Stores,Karanjade,07419638392
Well Pharma Chemists & Druggist,Rabale Bypass Road) Ghansoli,07419872603
Yashwant Chemist And Druggist,Cross Road Nalasopara East,07419892550
Ynk Pharmacy & Convenience Store,Kandivali Kandivali East,Show Number
